Workbook

Sheet P-QA-13 Dashboard
B5: RF Completos (documentacion) | E5: Total CP definidos | H5: Bugs abiertos
B6: ="38 / 38 (100%)" -> 38 / 38 (100%) | E6: ='Datos CP'!D40 -> 169 | H6: =Bugs!B8 -> 14
B7: Informe Checklist | E7: Checklist QA | H7: Reporte de Bugs
B10: Avance de Ejecucion por Tipo de Prueba
B11: Tipo de Prueba | C11: Total CP | D11: CP Ejecutados | E11: % Ejecutado | F11: CP Aprobados | G11: % Aprobados (de ejecutados)
B12: Unitaria | C12: ='Datos CP'!D40 -> 169 | D12: ='Datos CP'!E40 -> 131 | E12: =IFERROR(D12/C12,0) -> 0.77514793 | F12: ='Datos CP'!F40 -> 131 | G12: =IFERROR(F12/D12,0) -> 1
B13: Integracion | C13: ='Datos CP'!D40 -> 169 | D13: ='Datos CP'!G40 -> 53 | E13: =IFERROR(D13/C13,0) -> 0.31360947 | F13: ='Datos CP'!H40 -> 53 | G13: =IFERROR(F13/D13,0) -> 1
B14: Manual | C14: ='Datos CP'!D40 -> 169 | D14: ='Datos CP'!I40 -> 135 | E14: =IFERROR(D14/C14,0) -> 0.79881657 | F14: ='Datos CP'!J40 -> 133 | G14: =IFERROR(F14/D14,0) -> 0.98518519
B17: Avance de Ejecucion por Prioridad (vs. Meta del Plan Maestro)
B18: Prioridad | C18: Meta | D18: Total CP | E18: Unitaria % | F18: Integracion % | G18: Manual % | H18: Cumple Meta
B19: Alta | C19: 1 | D19: =SUMIFS('Datos CP'!$D$2:$D$39,'Datos CP'!$C$2:$C$39,B19) -> 91 | E19: =IFERROR(SUMIFS('Datos CP'!$E$2:$E$39,'Datos CP'!$C$2:$C$39,B19)/D19,0) -> 0.71428571 | F19: =IFERROR(SUMIFS('Datos CP'!$G$2:$G$39,'Datos CP'!$C$2:$C$39,B19)/D19,0) -> 0.31868132 | G19: =IFERROR(SUMIFS('Datos CP'!$I$2:$I$39,'Datos CP'!$C$2:$C$39,B19)/D19,0) -> 0.74725275 | H19: =IF(AND(E19>=C19,F19>=C19,G19>=C19),"Si","No") -> No
B20: Media | C20: 0.75 | D20: =SUMIFS('Datos CP'!$D$2:$D$39,'Datos CP'!$C$2:$C$39,B20) -> 75 | E20: =IFERROR(SUMIFS('Datos CP'!$E$2:$E$39,'Datos CP'!$C$2:$C$39,B20)/D20,0) -> 0.84 | F20: =IFERROR(SUMIFS('Datos CP'!$G$2:$G$39,'Datos CP'!$C$2:$C$39,B20)/D20,0) -> 0.28 | G20: =IFERROR(SUMIFS('Datos CP'!$I$2:$I$39,'Datos CP'!$C$2:$C$39,B20)/D20,0) -> 0.85333333 | H20: =IF(AND(E20>=C20,F20>=C20,G20>=C20),"Si","No") -> No
B21: Baja | C21: 0.75 | D21: =SUMIFS('Datos CP'!$D$2:$D$39,'Datos CP'!$C$2:$C$39,B21) -> 3 | E21: =IFERROR(SUMIFS('Datos CP'!$E$2:$E$39,'Datos CP'!$C$2:$C$39,B21)/D21,0) -> 1 | F21: =IFERROR(SUMIFS('Datos CP'!$G$2:$G$39,'Datos CP'!$C$2:$C$39,B21)/D21,0) -> 1 | G21: =IFERROR(SUMIFS('Datos CP'!$I$2:$I$39,'Datos CP'!$C$2:$C$39,B21)/D21,0) -> 1 | H21: =IF(AND(E21>=C21,F21>=C21,G21>=C21),"Si","No") -> Si
B24: Bugs Abiertos por Severidad
B25: Severidad | C25: Cantidad
B26: Alta | C26: =Bugs!B5 -> 7
B27: Media | C27: =Bugs!B6 -> 5
B28: Baja | C28: =Bugs!B7 -> 2

Sheet Datos CP
A1: EP | B1: RF | C1: Prioridad | D1: Total CP | E1: Unitaria - Ejecutados | F1: Unitaria - Pasan | G1: Integracion - Ejecutados | H1: Integracion - Pasan | I1: Manual - Ejecutados | J1: Manual - Pasan
A2: EP-001 | B2: RF-001.1 | C2: Alta | D2: 6 | E2: 6 | F2: 6 | G2: 0 | H2: 0 | I2: 6 | J2: 5
B3: RF-001.2 | C3: Alta | D3: 3 | E3: 3 | F3: 3 | G3: 0 | H3: 0 | I3: 3 | J3: 3
B4: RF-001.3 | C4: Alta | D4: 7 | E4: 5 | F4: 5 | G4: 0 | H4: 0 | I4: 7 | J4: 6
B5: RF-001.4 | C5: Alta | D5: 3 | E5: 0 | F5: 0 | G5: 0 | H5: 0 | I5: 0 | J5: 0
B6: RF-001.5 | C6: Media | D6: 2 | E6: 0 | F6: 0 | G6: 0 | H6: 0 | I6: 0 | J6: 0
B7: RF-001.6 | C7: Alta | D7: 2 | E7: 0 | F7: 0 | G7: 0 | H7: 0 | I7: 0 | J7: 0
B8: RF-001.7 | C8: Alta | D8: 2 | E8: 0 | F8: 0 | G8: 0 | H8: 0 | I8: 0 | J8: 0
B9: RF-001.8 | C9: Alta | D9: 4 | E9: 0 | F9: 0 | G9: 0 | H9: 0 | I9: 0 | J9: 0
A10: EP-002 | B10: RF-002.1 | C10: Alta | D10: 7 | E10: 0 | F10: 0 | G10: 0 | H10: 0 | I10: 0 | J10: 0
B11: RF-002.2 | C11: Alta | D11: 2 | E11: 0 | F11: 0 | G11: 0 | H11: 0 | I11: 0 | J11: 0
B12: RF-002.3 | C12: Media | D12: 5 | E12: 0 | F12: 0 | G12: 0 | H12: 0 | I12: 0 | J12: 0
B13: RF-002.4 | C13: Alta | D13: 3 | E13: 0 | F13: 0 | G13: 0 | H13: 0 | I13: 0 | J13: 0
B14: RF-002.5 | C14: Media | D14: 4 | E14: 0 | F14: 0 | G14: 0 | H14: 0 | I14: 0 | J14: 0
A15: EP-003 | B15: RF-003.1 | C15: Alta | D15: 7 | E15: 7 | F15: 7 | G15: 0 | H15: 0 | I15: 7 | J15: 7
B16: RF-003.2 | C16: Alta | D16: 7 | E16: 7 | F16: 7 | G16: 0 | H16: 0 | I16: 7 | J16: 7
B17: RF-003.3 | C17: Media | D17: 10 | E17: 10 | F17: 10 | G17: 0 | H17: 0 | I17: 10 | J17: 10
B18: RF-003.4 | C18: Alta | D18: 8 | E18: 8 | F18: 8 | G18: 0 | H18: 0 | I18: 8 | J18: 8
A19: EP-004 | B19: RF-004.1 | C19: Media | D19: 8 | E19: 8 | F19: 8 | G19: 0 | H19: 0 | I19: 8 | J19: 8
B20: RF-004.2 | C20: Media | D20: 8 | E20: 8 | F20: 8 | G20: 0 | H20: 0 | I20: 8 | J20: 8
B21: RF-004.3 | C21: Media | D21: 9 | E21: 9 | F21: 9 | G21: 0 | H21: 0 | I21: 9 | J21: 9
B22: RF-004.4 | C22: Media | D22: 8 | E22: 8 | F22: 8 | G22: 0 | H22: 0 | I22: 8 | J22: 8
A23: EP-005 | B23: RF-005.1 | C23: Alta | D23: 4 | E23: 4 | F23: 4 | G23: 4 | H23: 4 | I23: 4 | J23: 4
B24: RF-005.2 | C24: Alta | D24: 3 | E24: 3 | F24: 3 | G24: 3 | H24: 3 | I24: 3 | J24: 3
A25: EP-006 | B25: RF-006.1 | C25: Alta | D25: 2 | E25: 2 | F25: 2 | G25: 2 | H25: 2 | I25: 2 | J25: 2
B26: RF-006.2 | C26: Media | D26: 2 | E26: 2 | F26: 2 | G26: 2 | H26: 2 | I26: 2 | J26: 2
B27: RF-006.3 | C27: Media | D27: 4 | E27: 4 | F27: 4 | G27: 4 | H27: 4 | I27: 4 | J27: 4
B28: RF-006.4 | C28: Media | D28: 2 | E28: 2 | F28: 2 | G28: 2 | H28: 2 | I28: 2 | J28: 2
B29: RF-006.5 | C29: Baja | D29: 3 | E29: 3 | F29: 3 | G29: 3 | H29: 3 | I29: 3 | J29: 3
A30: EP-007 | B30: RF-007.1 | C30: Alta | D30: 4 | E30: 4 | F30: 4 | G30: 4 | H30: 4 | I30: 4 | J30: 4
B31: RF-007.2 | C31: Alta | D31: 4 | E31: 3 | F31: 3 | G31: 3 | H31: 3 | I31: 4 | J31: 4
B32: RF-007.3 | C32: Media | D32: 2 | E32: 2 | F32: 2 | G32: 2 | H32: 2 | I32: 2 | J32: 2
A33: EP-008 | B33: RF-008.1 | C33: Alta | D33: 4 | E33: 4 | F33: 4 | G33: 4 | H33: 4 | I33: 4 | J33: 4
B34: RF-008.2 | C34: Alta | D34: 3 | E34: 3 | F34: 3 | G34: 3 | H34: 3 | I34: 3 | J34: 3
B35: RF-008.3 | C35: Alta | D35: 2 | E35: 2 | F35: 2 | G35: 2 | H35: 2 | I35: 2 | J35: 2
B36: RF-008.4 | C36: Media | D36: 4 | E36: 3 | F36: 3 | G36: 4 | H36: 4 | I36: 4 | J36: 4
A37: EP-009 | B37: RF-009.1 | C37: Media | D37: 3 | E37: 3 | F37: 3 | G37: 3 | H37: 3 | I37: 3 | J37: 3
B38: RF-009.2 | C38: Alta | D38: 4 | E38: 4 | F38: 4 | G38: 4 | H38: 4 | I38: 4 | J38: 4
B39: RF-009.3 | C39: Media | D39: 4 | E39: 4 | F39: 4 | G39: 4 | H39: 4 | I39: 4 | J39: 4
B40: TOTAL | D40: =SUM(D2:D39) -> 169 | E40: =SUM(E2:E39) -> 131 | F40: =SUM(F2:F39) -> 131 | G40: =SUM(G2:G39) -> 53 | H40: =SUM(H2:H39) -> 53 | I40: =SUM(I2:I39) -> 135 | J40: =SUM(J2:J39) -> 133

Sheet Bugs
A4: Severidad | B4: Cantidad Abiertos
A5: Alta | B5: 7
A6: Media | B6: 5
A7: Baja | B7: 2
A8: TOTAL | B8: =SUM(B5:B7) -> 14
