Workbook

Sheet Consolidado de Calidad
A1: P-QA-20
B2: CONSOLIDADO DE EVALUACIÓN - ISO/IEC 25010
B3: Resumen general del porcentaje de calidad del software evaluado.
B5: Característica de Calidad | C5: Puntaje Máximo Posible | D5: Puntaje Obtenido | E5: Porcentaje de Calidad
B6: Adecuación Funcional | C6: =SUM('Adecuación Funcional'!$E$6:$E$8)*5 -> 75 | D6: =SUMPRODUCT('Adecuación Funcional'!$E$6:$E$8,'Adecuación Funcional'!$F$6:$F$8) -> 70 | E6: =IF(C6>0, D6/C6, 0) -> 0.93333333
B7: Eficiencia de Rendimiento | C7: =SUM('Eficiencia de Rendimiento'!$E$6:$E$8)*5 -> 45 | D7: =SUMPRODUCT('Eficiencia de Rendimiento'!$E$6:$E$8,'Eficiencia de Rendimiento'!$F$6:$F$8) -> 21 | E7: =IF(C7>0, D7/C7, 0) -> 0.46666667
B8: Compatibilidad | C8: =SUM(Compatibilidad!$E$6:$E$7)*5 -> 45 | D8: =SUMPRODUCT(Compatibilidad!$E$6:$E$7,Compatibilidad!$F$6:$F$7) -> 41 | E8: =IF(C8>0, D8/C8, 0) -> 0.91111111
B9: Usabilidad | C9: =SUM(Usabilidad!$E$6:$E$11)*5 -> 110 | D9: =SUMPRODUCT(Usabilidad!$E$6:$E$11,Usabilidad!$F$6:$F$11) -> 80 | E9: =IF(C9>0, D9/C9, 0) -> 0.72727273
B10: Fiabilidad | C10: =SUM(Fiabilidad!$E$6:$E$9)*5 -> 80 | D10: =SUMPRODUCT(Fiabilidad!$E$6:$E$9,Fiabilidad!$F$6:$F$9) -> 49 | E10: =IF(C10>0, D10/C10, 0) -> 0.6125
B11: Seguridad | C11: =SUM(Seguridad!$E$6:$E$10)*5 -> 115 | D11: =SUMPRODUCT(Seguridad!$E$6:$E$10,Seguridad!$F$6:$F$10) -> 102 | E11: =IF(C11>0, D11/C11, 0) -> 0.88695652
B12: Mantenibilidad | C12: =SUM(Mantenibilidad!$E$6:$E$10)*5 -> 110 | D12: =SUMPRODUCT(Mantenibilidad!$E$6:$E$10,Mantenibilidad!$F$6:$F$10) -> 84 | E12: =IF(C12>0, D12/C12, 0) -> 0.76363636
B13: Portabilidad | C13: =SUM(Portabilidad!$E$6:$E$8)*5 -> 45 | D13: =SUMPRODUCT(Portabilidad!$E$6:$E$8,Portabilidad!$F$6:$F$8) -> 19 | E13: =IF(C13>0, D13/C13, 0) -> 0.42222222
B14: PORCENTAJE TOTAL DE CALIDAD DEL SOFTWARE | C14: =SUM(C6:C13) -> 625 | D14: =SUM(D6:D13) -> 466 | E14: =IF(C14>0, D14/C14, 0) -> 0.7456

Sheet Adecuación Funcional
B2: MATRIZ DE EVALUACIÓN: ADECUACIÓN FUNCIONAL
B3: Instrucciones: Asigne un peso del 1 al 5 según la importancia del criterio, y califique de 0 a 5 el cumplimiento.
B5: ID | C5: Subcaracterística | D5: Criterio de Evaluación / Ejemplo | E5: Peso (1-5) | F5: Calificación (0-5) | G5: Observación / Evidencia
B6: FUNC_COMP_01 | C6: Completo funcional | D6: El sistema permite realizar todo el flujo de pedidos desde el registro hasta la facturación sin omitir pasos críticos. | E6: 5 | F6: 5 | G6: Probamos el flujo completo (personalización → carrito → pedido → ticket) con pruebas end-to-end en pedidos.e2e-spec.ts y pedidos-personalizados.e2e-spec.ts, y no se salta ningún paso importante.
B7: FUNC_CORR_01 | C7: Corrección funcional | D7: Los cálculos en el carrito de compras son exactos según las reglas de negocio. | E7: 5 | F7: 4 | G7: El cálculo del precio de producto personalizado (RF-005.2) lo probamos con pruebas unitarias. En el camino encontramos y arreglamos un bug: los agregados SQL de los reportes devolvían NULL en lugar de 0.
B8: FUNC_PERT_01 | C8: Pertinencia funcional | D8: Las opciones del menú corresponden estrictamente a las tareas que el usuario necesita realizar en su rol. | E8: 5 | F8: 5 | G8: Los menús se filtran según el rol (cliente, admin, trabajador) usando guards en NestJS, y en Flutter la navegación también cambia según quién esté logueado.

Sheet Eficiencia de Rendimiento
B2: MATRIZ DE EVALUACIÓN: EFICIENCIA DE RENDIMIENTO
B3: Instrucciones: Asigne un peso del 1 al 5 según la importancia del criterio, y califique de 0 a 5 el cumplimiento.
B5: ID | C5: Subcaracterística | D5: Criterio de Evaluación / Ejemplo | E5: Peso (1-5) | F5: Calificación (0-5) | G5: Observación / Evidencia
B6: REND_TEMP_01 | C6: Comportamiento temporal | D6: El tiempo de respuesta del sistema al cargar la página de inicio es inferior a 2 segundos bajo carga normal. | E6: 3 | F6: 3 | G6: Todavía no hemos medido los tiempos de respuesta en serio, solo hicimos pruebas manuales con Postman/Swagger para chequear que todo respondiera rápido a simple vista.
B7: REND_UTIL_01 | C7: Utilización de recursos | D7: El consumo de memoria RAM del servidor no supera el 60% durante la generación de reportes masivos. | E7: 3 | F7: 2 | G7: No tenemos forma de saber cuánta RAM usa el servidor, porque aún no montamos ningún monitoreo de recursos.
B8: REND_CAPA_01 | C8: Capacidad | D8: El sistema procesa correctamente 500 transacciones simultáneas sin degradar el servicio. | E8: 3 | F8: 2 | G8: Nunca lo probamos con carga simulada; nos falta hacer pruebas de estrés con algo como JMeter o k6.

Sheet Compatibilidad
B2: MATRIZ DE EVALUACIÓN: COMPATIBILIDAD
B3: Instrucciones: Asigne un peso del 1 al 5 según la importancia del criterio, y califique de 0 a 5 el cumplimiento.
B5: ID | C5: Subcaracterística | D5: Criterio de Evaluación / Ejemplo | E5: Peso (1-5) | F5: Calificación (0-5) | G5: Observación / Evidencia
B6: COMP_COEX_01 | C6: Coexistencia | D6: La aplicación móvil funciona sin interferencias en dispositivos donde están instaladas apps de la competencia. | E6: 4 | F6: 4 | G6: Probamos la app de Flutter tanto en emulador como en un celular Android real, y no tuvimos problemas con otras apps instaladas.
B7: COMP_INTE_01 | C7: Interoperabilidad | D7: La API del sistema se integra y comparte datos correctamente con el módulo de contabilidad externo mediante JSON. | E7: 5 | F7: 5 | G7: La API de NestJS responde en JSON y la consumen sin drama tanto el frontend en React (con Axios) como la app en Flutter (con nuestro ApiService, usando el header x-api-key y las cookies JWT).

Sheet Usabilidad
B2: MATRIZ DE EVALUACIÓN: USABILIDAD
B3: Instrucciones: Asigne un peso del 1 al 5 según la importancia del criterio, y califique de 0 a 5 el cumplimiento.
B5: ID | C5: Subcaracterística | D5: Criterio de Evaluación / Ejemplo | E5: Peso (1-5) | F5: Calificación (0-5) | G5: Observación / Evidencia
B6: USAB_RECO_01 | C6: Reconocimiento de adecuación | D6: El usuario identifica el propósito de la pantalla web en los primeros 5 segundos de visualización. | E6: 4 | F6: 4 | G6: El panel de admin tiene cada sección bien marcada por módulo (inventario, pedidos, reportes), así que es fácil ubicarse.
B7: USAB_APRE_01 | C7: Aprendizaje | D7: Un usuario nuevo puede completar un registro de perfil sin necesidad de consultar un manual de ayuda. | E7: 5 | F7: 5 | G7: Probamos el registro de usuario (RF-001.1) con gente que no conocía el sistema y lo lograron sin pedir ayuda ni manual.
B8: USAB_OPER_01 | C8: Operabilidad | D8: El sistema ofrece atajos de teclado para las funciones más frecuentes, facilitando el trabajo continuo. | E8: 2 | F8: 2 | G8: No tenemos atajos de teclado todavía. Es una brecha que detectamos, pero no es algo urgente para el negocio.
B9: USAB_PROT_01 | C9: Protección contra errores de usuario | D9: El sistema pide confirmación antes de eliminar permanentemente un registro de la base de datos. | E9: 4 | F9: 4 | G9: En las pantallas de admin en Flutter, antes de eliminar o desactivar algo siempre pedimos confirmación, para evitar que se borre algo por accidente.
B10: USAB_ESTE_01 | C10: Estética de la interfaz de usuario | D10: El diseño visual mantiene una paleta de colores coherente y un espaciado que evita la fatiga visual. | E10: 4 | F10: 4 | G10: Los colores y la tipografía se manejan desde un theme centralizado con Provider, así que todo se ve parejo en toda la app.
B11: USAB_ACCE_01 | C11: Accesibilidad | D11: El sitio web cumple con las pautas WCAG, permitiendo la navegación con lectores de pantalla para personas visuales. | E11: 3 | F11: 1 | G11: Nunca revisamos si cumplimos con WCAG y tampoco tenemos soporte para lectores de pantalla. Es una brecha real que nos queda pendiente.

Sheet Fiabilidad
B2: MATRIZ DE EVALUACIÓN: FIABILIDAD
B3: Instrucciones: Asigne un peso del 1 al 5 según la importancia del criterio, y califique de 0 a 5 el cumplimiento.
B5: ID | C5: Subcaracterística | D5: Criterio de Evaluación / Ejemplo | E5: Peso (1-5) | F5: Calificación (0-5) | G5: Observación / Evidencia
B6: FIAB_MADU_01 | C6: Madurez | D6: El sistema opera de forma continua en producción sin presentar caídas imprevistas durante la última semana. | E6: 5 | F6: 3 | G6: la mayoria de pruebas e2e (pedidos, pedidos personalizados, movimientos, notificaciones) pasa sin sorpresas raras.
B7: FIAB_DISP_01 | C7: Disponibilidad | D7: La plataforma está operativa y accesible para los usuarios el 99.9% del tiempo contratado en el mes. | E7: 3 | F7: 2 | G7: Todavía no montamos nada para monitorear si el sistema está caído en producción, así que no tenemos ni idea del uptime real.
B8: FIAB_TOLE_01 | C8: Tolerancia a fallos | D8: Si la conexión con la base de datos principal falla, el sistema conmuta automáticamente a la réplica de lectura. | E8: 3 | F8: 1 | G8: No tenemos una réplica de la base de datos ni nada que haga failover automático si la principal falla. Brecha pendiente.
B9: FIAB_RECU_01 | C9: Capacidad de recuperación | D9: Tras un corte de energía, el sistema restaura el estado de los datos al último punto de control guardado. | E9: 5 | F9: 5 | G9: Usamos prisma.$transaction() en los movimientos de inventario, así que si algo falla a mitad de camino el stock no queda en un estado raro o inconsistente.

Sheet Seguridad
B2: MATRIZ DE EVALUACIÓN: SEGURIDAD
B3: Instrucciones: Asigne un peso del 1 al 5 según la importancia del criterio, y califique de 0 a 5 el cumplimiento.
B5: ID | C5: Subcaracterística | D5: Criterio de Evaluación / Ejemplo | E5: Peso (1-5) | F5: Calificación (0-5) | G5: Observación / Evidencia
B6: SEGU_CONF_01 | C6: Confidencialidad | D6: Las contraseñas de los usuarios están encriptadas con un algoritmo robusto (ej. bcrypt) en la base de datos. | E6: 5 | F6: 5 | G6: Las contraseñas se guardan hasheadas con bcrypt en el módulo de autenticación, nunca en texto plano.
B7: SEGU_INTE_01 | C7: Integridad | D7: El sistema evita modificaciones no autorizadas en los datos mediante validaciones en el servidor (backend). | E7: 5 | F7: 4 | G7: Validamos todo en el backend con DTOs y class-validator; se confirmó que no hay consultas SQL sin parametrizar (todo pasa por los métodos tipados de Prisma, sin $queryRaw ni concatenación de strings). Pendiente: falta implementar rate-limiting en el login para mitigar fuerza bruta.
B8: SEGU_NORE_01 | C8: No repudio | D8: Cada transacción financiera registra de forma inalterable el ID del usuario, fecha y hora en el log de auditoría. | E8: 4 | F8: 4 | G8: Cada vez que cambia el estado de un pedido o ticket, queda registrado quién lo hizo y a qué hora (RF-008.2).
B9: SEGU_RESP_01 | C9: Responsabilidad | D9: El sistema registra de manera clara qué acciones ejecutó cada administrador para poder auditar incidentes. | E9: 4 | F9: 4 | G9: En cada movimiento de inventario (entrada o salida) queda guardado qué usuario fue el responsable, para poder rastrear cualquier cosa rara.
B10: SEGU_AUTE_01 | C10: Autenticidad | D10: El sistema valida tokens digitales (JWT) firmados para confirmar que las peticiones provienen de usuarios válidos. | E10: 5 | F10: 5 | G10: Usamos JWT guardado en cookies más un header x-api-key, y ambos se validan en cada petición que llega.

Sheet Mantenibilidad
B2: MATRIZ DE EVALUACIÓN: MANTENIBILIDAD
B3: Instrucciones: Asigne un peso del 1 al 5 según la importancia del criterio, y califique de 0 a 5 el cumplimiento.
B5: ID | C5: Subcaracterística | D5: Criterio de Evaluación / Ejemplo | E5: Peso (1-5) | F5: Calificación (0-5) | G5: Observación / Evidencia
B6: MANT_MODU_01 | C6: Modularidad | D6: Un cambio en el módulo de facturación no afecta ni altera el funcionamiento del módulo de inventarios. | E6: 5 | F6: 5 | G6: El backend en NestJS está dividido en módulos independientes por dominio (pedidos, movimientos, notificaciones, materiales), así que tocar uno no debería romper los demás.
B7: MANT_REUS_01 | C7: Reusabilidad | D7: El componente visual de calendario se utiliza en múltiples formularios del sistema sin duplicar código. | E7: 4 | F7: 4 | G7: Tenemos un ApiService y el patrón Repository con Either<Failure, T> (usando fpdart) que reutilizamos en varias pantallas de Flutter, así no repetimos código.
B8: MANT_ANAL_01 | C8: Analizabilidad | D8: Los logs de error detallan la línea de código y el archivo exacto donde ocurrió una excepción para su diagnóstico. | E8: 4 | F8: 3 | G8: Sí hay logs, pero no están del todo ordenados. Además nos dimos cuenta de que falta un try/catch en el envío de correos, lo que hace bien difícil diagnosticar cuando falla una notificación.
B9: MANT_MODI_01 | C9: Modificabilidad | D9: Agregar un nuevo campo al formulario de registro requiere modificaciones mínimas en la base de datos y backend. | E9: 4 | F9: 4 | G9: Si hay que agregar un campo nuevo, toca hacer una migración con Prisma y actualizar el DTO correspondiente. Es trabajo extra pero nada del otro mundo.
B10: MANT_PRUE_01 | C10: Capacidad de prueba | D10: El código fuente cuenta con pruebas unitarias automatizadas que cubren al menos el 80% de las funciones. | E10: 5 | F10: 3 | G10: Las pruebas con Jest y e2e cubren del RF-005 al RF-009, pero todavía nos faltan 5 funcionalidades del backend por implementar y, claro, cubrir con pruebas.

Sheet Portabilidad
B2: MATRIZ DE EVALUACIÓN: PORTABILIDAD
B3: Instrucciones: Asigne un peso del 1 al 5 según la importancia del criterio, y califique de 0 a 5 el cumplimiento.
B5: ID | C5: Subcaracterística | D5: Criterio de Evaluación / Ejemplo | E5: Peso (1-5) | F5: Calificación (0-5) | G5: Observación / Evidencia
B6: PORT_ADAP_01 | C6: Adaptabilidad | D6: La aplicación web se adapta y visualiza correctamente en pantallas de laptops, tablets y smartphones. | E6: 4 | F6: 4 | G6: El frontend en React es responsive (armado con Vite) y Flutter ya es multiplataforma de por sí, así que no tuvimos que hacer mucho extra ahí.
B7: PORT_INST_01 | C7: Facilidad de instalación | D7: El sistema se puede desplegar en un servidor nuevo en menos de una hora usando contenedores Docker. | E7: 3 | F7: 1 | G7: Todavía no dockerizamos nada; por ahora el despliegue es manual y en desarrollo usamos ngrok para exponer el backend. Es una brecha que tenemos identificada.
B8: PORT_SUST_01 | C8: Facilidad de sustitución | D8: La aplicación puede reemplazar al software anterior importando de forma directa la base de datos vieja. | E8: 2 | F8: 0 | G8: Esto no lo evaluamos porque no aplica: no hay un sistema anterior al que estemos reemplazando en este proyecto.

Sheet Banco de Preguntas
B2: BANCO DE PREGUNTAS PARA APRENDICES
B3: Cuestionario guía para auditorías de calidad de software basadas en ISO 25010.
B5: N° | C5: Pregunta de Evaluación | D5: Característica Asociada | E5: Subcaracterística Asociada
B6: 1 | C6: ¿El sistema incluye todas las funciones especificadas en los requisitos iniciales? | D6: Adecuación Funcional | E6: Completo funcional
B7: 2 | C7: ¿El software arroja resultados matemáticos correctos en los reportes contables? | D7: Adecuación Funcional | E7: Corrección funcional
B8: 3 | C8: ¿Las opciones visibles ayudan directamente al usuario a cumplir sus metas de negocio? | D8: Adecuación Funcional | E8: Pertinencia funcional
B9: 4 | C9: ¿La búsqueda de productos tarda menos de un segundo en mostrar resultados? | D9: Eficiencia de Rendimiento | E9: Comportamiento temporal
B10: 5 | C10: ¿El sistema libera la memoria RAM después de cerrar un reporte complejo? | D10: Eficiencia de Rendimiento | E10: Utilización de recursos
B11: 6 | C11: ¿Soporta el aumento repentino de usuarios en fechas de alta demanda (Black Friday)? | D11: Eficiencia de Rendimiento | E11: Capacidad
B12: 7 | C12: ¿Puede ejecutarse al mismo tiempo que el antivirus sin ralentizar el equipo? | D12: Compatibilidad | E12: Coexistencia
B13: 8 | C13: ¿Los datos exportados en Excel se abren correctamente en otras suites de oficina? | D13: Compatibilidad | E13: Interoperabilidad
B14: 9 | C14: ¿Los iconos utilizados representan claramente la acción que van a realizar? | D14: Usabilidad | E14: Reconocimiento de adecuación
B15: 10 | C15: ¿Los mensajes de bienvenida guían intuitivamente al usuario nuevo? | D15: Usabilidad | E15: Aprendizaje
B16: 11 | C16: ¿Es fácil navegar por el sitio utilizando únicamente el teclado? | D16: Usabilidad | E16: Operabilidad
B17: 12 | C17: ¿El sistema previene que se envíe un formulario vacío resaltando los campos? | D17: Usabilidad | E17: Protección contra errores de usuario
... B36: 31 | C36: ¿Es posible migrar los datos al nuevo sistema sin pérdida de información histórica? | D36: Portabilidad | E36: Facilidad de sustitución
